observations,total_return,annual_return,annual_volatility,sharpe_ratio,sortino_ratio,max_drawdown,hit_rate,average_turnover,benchmark_total_return,tracking_error,information_ratio,mean_information_coefficient,information_coefficient_ir,selection_quantile,transaction_cost_bps
1260,0.6789750131110677,0.10919740939559719,0.17509270627697304,0.6236548153117333,0.909155044852762,-0.3817232424323974,0.5285714285714286,1.25,2.156446783687775,0.27722820879799903,-0.5613071277539828,0.12902097902097903,0.3006526291148281,0.2,10.0
