observations,total_return,annual_return,annual_volatility,sharpe_ratio,sortino_ratio,max_drawdown,hit_rate,average_turnover,benchmark_total_return,tracking_error,information_ratio,mean_information_coefficient,information_coefficient_ir,selection_quantile,transaction_cost_bps
1260,0.6789744002725411,0.10919732842250363,0.1750927549301594,0.6236541795579149,0.909154165319346,-0.3817232138297869,0.5285714285714286,1.25,2.1564467801710983,0.27722822541064024,-0.5613073117625177,0.12902097902097903,0.3006526291148281,0.2,10.0
